CVE_ART,DESCR,LIN_PROD,CON_SERIE,UNI_MED,UNI_EMP,CTRL_ALM,TIEM_SURT,STOCK_MIN,STOCK_MAX,TIP_COSTEO,NUM_MON,FCH_ULTCOM,COMP_X_REC,FCH_ULTVTA,PEND_SURT,EXIST,COSTO_PROM,ULT_COSTO,CVE_OBS,TIPO_ELE,UNI_ALT,FAC_CONV,APART,CON_LOTE,CON_PEDIMENTO,PESO,VOLUMEN,CVE_ESQIMPU,CVE_BITA,VTAS_ANL_C,VTAS_ANL_M,COMP_ANL_C,COMP_ANL_M,PREFIJO,TALLA,COLOR,CUENT_CONT,CVE_IMAGEN,BLK_CST_EXT,STATUS,MAN_IEPS,APL_MAN_IMP,CUOTA_IEPS,APL_MAN_IEPS,UUID,VERSION_SINC,VERSION_SINC_FECHA_IMG,CVE_PRODSERV,CVE_UNIDAD,EDO_PUBL_ML,CVE_PUBL_ML,CONDICION_ML,TIPO_PUBL_ML,MODO_ENVIO_ML,LARGO_ML,ALTO_ML,ANCHO_ML,ENVIO_ML,CATEG_ML,CAMPOS_CATEG_ML,DISPONIBLE_PUBL,CVE_CATE_ML,LAST_UPDATE_ML,F_CREA_ML,IMAGEN_ML
ABRAZINOX,ABRAZADERA SERIE PESADA INOX. 25-40MM ta,HERRA,N,PZ,1,P2-ANA-03,15,0,0,E,1,2020-05-25 00:00:00,0,2020-06-30 00:00:00,22,28,13.8,13.8,0,P,PZ,1,12,N,N,0,0,1,,23,615.4716000000001,-1,-13.8,,,,,ABRAZINOX,N,A,N,1,0,C,10EE28AE-245C-4AAF-888C-C0E39672D425,2021-04-30 00:10:45,2020-06-19 12:59:29,27112129,H87,,,Nuevo,Gratis,No especificado,,,,No,,,,,,,
ALIBCACIGC,ALICATE DE MONTAJE CURVO BOCA CIGÜEÑA,PINZA,S,PZ,1,P1-ANA-03,15,0,0,E,1,2020-05-25 00:00:00,0,2020-04-01 00:00:00,0,8,73.15,73.15,0,P,PZ,1,0,N,N,0,0,1,,0,0,0,0,,,,,ALIBCACIGC,N,A,N,1,0,C,E6486D41-2D9C-4EFA-94C8-04271F0B542A,2020-06-22 10:29:16,2020-06-19 12:59:45,27112128,H87,,,,,,,,,,,,,,,,
ALIBCACIGR,ALICATE DE MONTAJE RECTO BOCA CIGÜEÑA,PINZA,N,PZ,1,P2-ANA-01,15,0,0,E,1,2020-05-10 00:00:00,0,2020-06-22 00:00:00,0,18,69,69,0,P,PZ,1,0,N,N,0,0,1,,0,0,0,0,,,,,ALIBCACIGR,N,A,N,1,0,C,261B4418-A796-4DCE-ADF3-7FE6084C820A,2020-06-22 18:12:57,2020-06-19 12:59:54,27112134,H87,,,,,,,,,,,,,,,,
ALIPVC160,ALICATE UNIV. C/CAPILLA MANGO PVC 160 mm,PINZA,N,PZ,1,P2-ANA-03,15,0,0,E,1,2020-04-10 00:00:00,0,2020-06-25 00:00:00,0,8,95,95,0,P,PZ,1,0,N,N,0,0,1,,2,98.40399999999988,0,0,,,,,ALIPVC160,N,A,N,1,0,C,B6D904E0-022B-4D48-B63E-7E1DB76BF833,2020-06-30 11:12:58,2020-06-19 13:00:23,27112135,H87,,,,,,,,,,,,,,,,
ALIPVC180,ALICATE UNIV. C/CAPILLA MANGO PVC 180 mm,PINZA,N,PZ,1,P1-ANA-03,15,0,0,E,1,2020-05-30 00:00:00,0,2020-06-24 00:00:00,0,8,76.7125,76.7125,0,P,PZ,1,0,N,N,0,0,1,,2,156.5,10,767.125,,,,,ALIPVC180,N,A,N,1,0,C,1AC4685D-AD88-4738-93B3-848FCD05FB55,2020-06-24 20:01:31,2020-06-19 13:00:31,27112135,H87,,,,,,,,,,,,,,,,
ALIPVC200,ALICATE UNIV. C/CAPILLA MANGO PVC Medida,PINZA,N,PZ,1,P2-ANA-01,15,0,0,E,1,,0,2020-06-24 00:00:00,0,45,150,150,0,P,PZ,1,0,N,N,0,0,1,,1,76,0,0,,,,,ALIPVC200,N,A,N,1,0,C,DE9DBC63-ED06-4EDE-82D9-E45BC710135E,2020-06-30 12:11:05,2020-06-19 13:00:42,27112134,H87,,,,,,,,,,,,,,,,
ARCOSIERR,ARCO DE SIERRA DE ALUMINIO 250-300 mm.,SERYS,N,PZ,1,P2-ANA-03,15,0,0,E,1,2020-06-21 00:00:00,0,2020-06-30 00:00:00,16,14,170.11666698333343,170.11666698333335,0,P,PZ,1,13,N,N,0,0,1,,6,1681.4,20,4328.416671416667,,,,,ARCOSIERR,N,A,N,1,0,C,633E4D13-1653-4093-BD7D-A72E2FE43AE0,2020-06-30 10:36:33,2020-06-19 13:00:49,27111508,H87,,,,,,,,,,,,,,,,
ATORNLLADOR,ATORNILLADOR 570W P/TABIQUERIA PESADA,ATOYT,S,PZ,1,P1-ANA-03,15,0,0,E,1,,0,,0,20,89,89,0,P,PZ,1,0,N,N,0,0,1,,0,0,0,0,,,,,ATORNLLADOR,N,A,N,1,0,C,7C630850-9241-43AB-8254-B82A7E670447,2020-06-30 11:12:58,2020-06-19 13:00:56,27112100,H87,,,,,,,,,,,,,,,,
BARRETA,"BARRETA DE PUNTA 7/8"" 1M",CONST,N,PZ,1,P2-ANA-01,15,0,0,E,1,2020-06-10 00:00:00,0,2020-06-24 00:00:00,0,29,75,71.25,0,P,PZ,1,0,N,N,0,0,1,,1,40,-3,0,,,,,BARRETA,N,A,N,1,0,C,143E56E7-AF11-4C21-A47C-B74C39E8BD3D,2020-06-24 13:40:38,2020-06-19 13:01:02,27112200,H87,,,,,,,,,,,,,,,,
BASELIJDISS,BASE LIJADORA STANDARD 115MM RPM 20.000,SOLDA,N,PZ,1,P2-ANA-03,15,0,0,E,1,2020-06-10 00:00:00,5,2020-06-24 00:00:00,0,3,275,261.25,0,P,PZ,1,0,N,N,0,0,1,,2,668.6000000000001,-1,1375,,,,,BASELIJDISS,N,A,N,1,0,C,CFD9EB0F-81EC-44E7-A00F-6278780F1012,2020-06-24 16:13:38,2020-06-19 13:01:10,27112200,H87,,,,,,,,,,,,,,,,
BISAGRA,BISAGRA CAZOLETA,BISAG,N,PZ,1,P2-ANA-01,15,0,0,E,1,,0,,0,0,0,0,0,P,PZ,1,0,N,N,0,0,1,,0,0,0,0,,,,,BISAGRA,N,A,N,1,0,C,3FCA4640-27E7-4EF3-A568-BA84D7E6AD8E,2020-06-19 13:07:10,2020-06-19 13:07:08,31162403,H87,,,,,,,,,,,,,,,,
BISA-A001,BISAGRA MOD: A001,MPRI,N,PZ,1,P1-ANA-03,15,0,0,E,1,2020-04-10 00:00:00,0,2020-06-30 00:00:00,10,19,90,90,0,P,PZ,1,5,N,N,0,0,1,,5,1187.5,0,0,,,,,BISA-A001,N,A,N,1,0,C,C3CD9070-2034-44A4-82A7-0610FDF79AD2,2020-06-30 12:11:05,2020-06-19 13:01:21,31162403,H87,,,,,,,,,,,,,,,,
BOTAA,"BOTA P.V.C., CAUCHO, FORRO INT. ANTIFRIO",LIMIN,N,PZ,1,P2-ANA-01,15,0,0,E,1,,0,,0,20,127,127,0,P,PZ,1,0,N,N,0,0,1,,0,0,0,0,,,,,BOTAA,N,A,N,1,0,C,E7C6304D-A408-48D3-993E-FA212BDF255E,2020-06-30 12:11:05,2020-06-19 13:07:24,53111500,H87,,,,,,,,,,,,,,,,
BUZON,BUZON,BUZON,S,PZ,1,P2-ANA-03,15,0,0,E,1,,0,,0,0,0,0,0,P,PZ,1,0,N,N,0,0,1,,0,0,0,0,,,,,,N,A,N,1,0,C,4283544E-9830-489A-8A18-CC574AD792BD,2020-06-19 12:40:38,,24112407,H87,,,,,,,,,,,,,,,,
ROLLCABSOL,CABLES DE SOLDADURA ROLLO 25M,SOLDA,N,PZ,1,P2-ANA-01,15,0,0,E,1,,0,,0,0,0,0,0,P,PZ,1,0,N,N,0,0,1,,0,0,0,0,,,,,ROLLCABSOL,N,A,N,1,0,C,94176ECB-90F9-442B-BBB2-ACBEBC334BD7,2020-06-19 13:25:29,2020-06-19 13:25:27,60104912,H87,,,,,,,,,,,,,,,,
CAJPORTH,CAJA PORTA-HERRAMIENTAS 200x470x200 mm,HERRA,N,PZ,1,P1-ANA-03,15,0,0,E,1,2020-04-20 00:00:00,0,2020-05-22 00:00:00,1,0,346.75,346.75,0,P,PZ,1,0,N,N,0,0,1,,1,636.5,0,0,,,,,CAJPORTH,N,A,N,1,0,C,ADC9BC2B-6520-4BE0-95C7-D585E6E2D1B8,2020-06-22 17:54:45,2020-06-19 13:08:44,24112401,H87,,,,,,,,,,,,,,,,
CAJ-JUMBO1,CAJON JUMBO 1 (35X50),PROD,N,PZ,1,P2-ANA-01,15,0,0,E,1,,0,,0,0,0,0,0,P,PZ,1,0,N,N,0,0,1,,0,0,0,0,,,,,CAJ-JUMBO1,N,A,N,1,0,C,AFABEA0F-7F8C-434A-8580-753660A2F8EC,2020-06-19 13:08:12,2020-06-19 13:08:11,56101701,H87,,,,,,,,,,,,,,,,
CAJ-NORM1,CAJON NORMAL 1 (17.5X25),PROD,N,PZ,1,P2-ANA-03,15,0,0,E,1,,0,,0,0,0,0,0,P,PZ,1,0,N,N,0,0,1,,0,0,0,0,,,,,CAJ-NORM1,N,A,N,1,0,C,C03D15A3-5C88-4DE0-9358-FA20A2DEB718,2020-06-19 13:08:29,2020-06-19 13:08:27,56101701,H87,,,,,,,,,,,,,,,,
CANDADOASP,CANDADO ALTA SEGURIDAD PLATEADO,CERYH,S,PZ,1,P2-ANA-01,15,0,0,E,1,,0,,0,0,0,0,0,P,PZ,1,0,S,S,0,0,1,,0,0,0,0,,,,,CANDADOASP,N,A,N,1,0,C,8085FD68-C255-4F7A-9D6F-B5CB52618322,2020-06-19 13:08:56,2020-06-19 13:08:55,46171501,H87,,,,,,,,,,,,,,,,
CANDINOSN,CANDADO INOX. ARCO NORMAL T.30,CERYH,N,PZ,1,P1-ANA-03,15,0,0,E,1,,0,,0,0,0,0,0,P,PZ,1,0,N,N,0,0,1,,0,0,0,0,,,,,CANDINOSN,N,A,N,1,0,C,5CF6114E-35C8-4B67-AA45-D835952C7A60,2020-06-19 13:09:12,2020-06-19 13:09:11,46171501,H87,,,,,,,,,,,,,,,,
CANDADOES55,CANDADO MEC. DE CIERRE DE DOBLE ENGANCHE,CERYH,N,PZ,1,P2-ANA-03,15,0,0,E,1,,0,,0,0,0,0,0,P,PZ,1,0,N,N,0,0,1,,0,0,0,0,,,,,CANDADOES55,N,A,N,1,0,C,ABCD0560-B5EF-4802-B3A0-5582772C8219,2020-06-19 13:09:05,2020-06-19 13:09:04,46171501,H87,,,,,,,,,,,,,,,,
CARREC1650,CARRETILLA CAPACIDAD 60LT,CONST,S,PZ,1,P2-ANA-03,15,0,0,E,1,,0,,0,0,0,0,0,P,PZ,1,0,S,S,0,0,1,,0,0,0,0,,,,,CARREC1650,N,A,N,1,0,C,6FF76E8C-6BEB-4FD0-A27A-61450E12F6C3,2020-06-19 13:09:31,2020-06-19 13:09:30,27112200,H87,,,,,,,,,,,,,,,,
CARRCARGA,CARRETILLA CARGA 300KG Pala 350x430x3MM,CONST,N,PZ,1,P2-ANA-01,15,0,0,E,1,2020-04-15 00:00:00,0,2020-06-30 00:00:00,0,9,1009.375,1009.375,0,P,PZ,1,0,N,N,0,0,1,,1,313.55,0,0,,,,,CARRCARGA,N,A,N,1,0,C,CADE9702-978F-4818-A1C0-FF0263FD01EE,2020-06-30 10:43:42,2020-06-19 13:09:22,27112200,H87,,,,,,,,,,,,,,,,
CARROPH,CARRO PORTA-HERRAMIENTAS 910X720X380MM,HERRA,S,PZ,1,P1-ANA-03,15,0,0,E,1,,0,,0,0,0,0,0,P,PZ,1,0,S,S,0,0,1,,0,0,0,0,,,,,CARROPH,N,A,N,1,0,C,7D8E0F3E-7804-440C-A048-B3C0AA54F462,2020-06-19 13:09:44,2020-06-19 13:09:42,24112401,H87,,,,,,,,,,,,,,,,
CEPELEC550W,CEPILLO 550W 82 mm. Prof. 1mm,CEPIL,N,PZ,1,P2-ANA-03,15,0,0,E,1,,0,,0,0,0,0,0,P,PZ,1,0,N,N,0,0,1,,0,0,0,0,,,,,CEPELEC550W,N,A,N,1,0,C,F442D14A-5FDE-4A84-8F81-A15DA908FA81,2020-06-19 13:09:58,2020-06-19 13:09:57,27113000,H87,,,,,,,,,,,,,,,,
CEPCE35E,CEPILLO 700W 80 mm. Prof. 3 mm,CEPIL,N,PZ,1,P2-ANA-01,15,0,0,E,1,2019-12-15 00:00:00,65,,0,0,1977.9999999999998,1978.4804469273743,0,P,PZ,1,0,N,N,0,0,1,,0,0,-20,0,,,,,CEPCE35E,N,A,N,1,0,C,E71CD3E4-5AB5-4AB0-B559-8BE3F55FA3F7,2020-06-21 22:11:06,2020-06-19 13:09:50,27113000,H87,,,,,,,,,,,,,,,,
CEPMADCREC,CEPILLO DE MAD. RECTO CUCHILLA DE 24mm,CEPIL,N,PZ,1,P1-ANA-03,15,0,0,E,1,,0,,0,0,0,0,0,P,PZ,1,0,N,N,0,0,1,,0,0,0,0,,,,,CEPMADCREC,N,A,N,1,0,C,21AD9C7D-78C2-468A-8ACC-CFCB68897A29,2020-06-19 13:10:05,2020-06-19 13:10:04,27113000,H87,,,,,,,,,,,,,,,,
CEPMADCUHD,CEPILLO DE MAD.CUCHILLA DOBLE DE 42MM.,CEPIL,N,PZ,1,P2-ANA-01,15,0,0,E,1,,0,,0,0,0,0,0,P,PZ,1,0,N,N,0,0,1,,0,0,0,0,,,,,CEPMADCUHD,N,A,N,1,0,C,F885403A-AB50-4F7A-8368-ED134E276E4C,2020-06-19 13:10:14,2020-06-19 13:10:13,27113000,H87,,,,,,,,,,,,,,,,
CEPMANO,CEPILLO DE MANO,LIMP,N,PZ,1,P2-ANA-03,15,0,0,E,1,,0,,0,0,0,0,0,P,PZ,1,0,N,N,0,0,1,,0,0,0,0,,,,,CEPMANO,N,A,N,1,0,C,8A403CE5-93BD-44E3-B515-6B8B056FB681,2020-06-19 13:10:22,2020-06-19 13:10:21,27113000,H87,,,,,,,,,,,,,,,,
CERROJO,CERROJO,CERRJ,N,PZ,1,P1-ANA-03,15,0,0,E,1,,0,,0,0,0,0,0,P,PZ,1,0,N,N,0,0,1,,0,0,0,0,,,,,CERROJO,N,A,N,1,0,C,1BD682BA-458B-4975-86B3-13AE99B5880D,2020-06-19 13:10:35,2020-06-19 13:10:34,31161606,H87,,,,,,,,,,,,,,,,
CIERRPHI,CIERRAPUERTAS HIDRAULICO,CIERH,N,PZ,1,P1-ANA-03,15,0,0,E,1,,0,,0,0,0,0,0,P,PZ,1,0,N,N,0,0,1,,0,0,0,0,,,,,CIERRPHI,N,A,N,1,0,C,20354664-DD67-420A-83B3-686D625BC01D,2020-06-19 13:11:14,2020-06-19 13:11:12,30171514,H87,,,,,,,,,,,,,,,,
CIERRP,CIERRAPUERTAS PIÑON CREMALLERA,CIERR,N,PZ,1,P2-ANA-01,15,0,0,E,1,,0,,0,0,0,0,0,P,PZ,1,0,N,N,0,0,1,,0,0,0,0,,,,,CIERRP,N,A,N,1,0,C,0F9B1D83-9254-424C-9567-F650655FBD66,2020-06-19 13:10:43,2020-06-19 13:10:42,30171514,H87,,,,,,,,,,,,,,,,
CINAIS1550,CINTA AISLADORA 1550 1550 19mm x 20m,CINTA,N,CJ,1,P2-ANA-03,15,0,0,E,1,,0,,0,0,0,0,0,P,PZ,1,0,N,N,0,0,1,,0,0,0,0,,,,,CINAIS1550,N,A,N,1,0,C,BEEE0365-CC7A-4E0B-BDCA-EF69FED21048,2020-06-19 13:11:47,2020-06-19 13:11:41,31201500,H87,,,,,,,,,,,,,,,,
CINAISELE,CINTA AISLANTE ELEC. DE GOMAHASTA 69kV,CINTA,N,CJ,1,P1-ANA-03,15,0,0,E,1,,0,,0,0,0,0,0,P,PZ,1,0,N,N,0,0,1,,0,0,0,0,,,,,CINAISELE,N,A,N,1,0,C,ED29972B-3E6D-430D-AE29-A990708ACB64,2020-06-19 13:12:20,2020-06-19 13:12:19,31201500,H87,,,,,,,,,,,,,,,,
CINEMPRAC,CINTA DE EMPAQUE Y RACIONADOR,CINTA,N,PZ,1,P2-ANA-01,15,0,0,E,1,,0,,0,0,0,0,0,P,PZ,1,0,N,N,0,0,1,,0,0,0,0,,,,,CINEMPRAC,N,A,N,1,0,C,ECA95D20-7731-4E52-982D-4774376F6401,2020-06-19 13:12:31,2020-06-19 13:12:30,31201500,H87,,,,,,,,,,,,,,,,
CINENMPG,CINTA DE ENMASCAR PROPOSITO GENERAL,CINTA,N,CJ,1,P2-ANA-03,15,0,0,E,1,,0,,0,0,0,0,0,P,PZ,1,0,N,N,0,0,1,,0,0,0,0,,,,,CINENMPG,N,A,N,1,0,C,6F55414B-DAC1-4472-BF89-4C8027FE5A1F,2020-06-19 13:12:49,2020-06-19 13:12:47,31201500,H87,,,,,,,,,,,,,,,,
CINTAMACOL,CINTA MARCAJA AREAS COLORES,CINTA,N,CJ,1,P2-ANA-03,15,0,0,E,1,,0,,0,0,0,0,0,P,PZ,1,0,N,N,0,0,1,,0,0,0,0,,,,,CINTAMACOL,N,A,N,1,0,C,AD340721-92F5-4321-B736-428D2B573399,2020-06-19 13:13:46,2020-06-19 13:13:45,31201500,H87,,,,,,,,,,,,,,,,
CINREFBCO,CINTA REFLECTIVA BLANCO  I3952/5,CINTA,N,CJ,1,P1-ANA-03,15,0,0,E,1,,0,,0,0,0,0,0,P,PZ,1,0,N,N,0,0,1,,0,0,0,0,,,,,CINREFBCO,N,A,N,1,0,C,EF4B483E-C3CC-4617-9147-11B86AA09C3B,2020-06-19 13:13:05,2020-06-19 13:13:03,31201500,H87,,,,,,,,,,,,,,,,
CINREFRJO,CINTA REFLECTIVA I3952/5,CINTA,N,CJ,1,P2-ANA-01,15,0,0,E,1,2019-12-15 00:00:00,375,,0,0,12.880000000000003,12.883128491620113,0,P,PZ,1,0,N,N,0,0,1,,0,0,-125,0,,,,,CINREFRJO,N,A,N,1,0,C,B896D8C3-945B-4CBC-A532-65A2974024BE,2020-06-21 22:11:06,2020-06-19 13:13:30,31201500,H87,,,,,,,,,,,,,,,,
CORTACABLES,CORTACABLES PARA COBRE Y ALUMINIO 210MM,PINZA,N,PZ,1,P1-ANA-03,15,0,0,E,1,,0,,0,0,0,0,0,P,PZ,1,0,N,N,0,0,1,,0,0,0,0,,,,,CORTACABLES,N,A,N,1,0,C,C6387873-1A7D-445D-929A-6636E209E489,2020-06-19 13:14:00,2020-06-19 13:13:58,23101508,H87,,,,,,,,,,,,,,,,
CORTCERAM,CORTADOR CERÁMICA P/CORTE RECTO O CURVO,CORTA,N,PZ,1,P2-ANA-03,15,0,0,E,1,,0,,0,0,0,0,0,P,PZ,1,0,N,N,0,0,1,,0,0,0,0,,,,,CORTCERAM,N,A,N,1,0,C,D88EEA23-E94C-4379-A18D-37CAF842558B,2020-06-19 13:14:17,2020-06-19 13:14:15,23101508,H87,,,,,,,,,,,,,,,,
CORTDMTDR,CORTADOR DIAMANTE DE 300 - 350MM,CORTA,N,PZ,1,P1-ANA-03,15,0,0,E,1,,0,,0,0,0,0,0,P,PZ,1,0,N,N,0,0,1,,0,0,0,0,,,,,CORTDMTDR,N,A,N,1,0,C,C42FBE9B-D4BC-47E6-8F46-0DD173A6547D,2020-06-19 13:14:31,2020-06-19 13:14:30,23101508,H87,,,,,,,,,,,,,,,,
CORTARTC,CORTANTE ARTICULADO 200MM P/VARILLA,PINZA,N,PZ,1,P2-ANA-01,15,0,0,E,1,,0,,0,0,0,0,0,P,PZ,1,0,N,N,0,0,1,,0,0,0,0,,,,,CORTARTC,N,A,N,1,0,C,C932D39E-7DAF-4B21-A27E-9FB107C073A5,2020-06-19 13:14:08,2020-06-19 13:14:07,23101508,H87,,,,,,,,,,,,,,,,
CUBOPLAO,CUBO PLÁSTICO OBRA 15LT,CONST,N,PZ,1,P2-ANA-01,15,0,0,E,1,,40,,0,0,0,0,0,P,PZ,1,0,N,N,0,0,1,,0,0,0,0,,,,,CUBOPLAO,N,A,N,1,0,C,9A7EFA7C-A0C9-4436-8BE4-C3EDDDA81DA8,2020-06-19 13:18:07,2020-06-19 13:18:06,27112200,H87,,,,,,,,,,,,,,,,
CUTTERAL,"CUTTER ""AUTO LOCK"" CUCHILLA 110X18X0.5MM",SERYS,N,PZ,1,P2-ANA-03,15,0,0,E,1,,20,,0,0,0,0,0,P,PZ,1,0,N,N,0,0,1,,0,0,0,0,,,,,CUTTERAL,N,A,N,1,0,C,9796AC67-3876-4A9D-8FA5-25F7AE21C4DB,2020-06-19 13:18:17,2020-06-19 13:18:15,27111500,H87,,,,,,,,,,,,,,,,
CUTTERTL,"CUTTER ""TWIST LOCK""CUCHILLA 110X18X0.5MM",SERYS,N,PZ,1,P1-ANA-03,15,0,0,E,1,,0,,0,0,0,0,0,P,PZ,1,0,N,N,0,0,1,,0,0,0,0,,,,,CUTTERTL,N,A,N,1,0,C,F472BEBA-D277-4BE1-9E38-7D008830522D,2020-06-19 13:18:26,2020-06-19 13:18:24,27111500,H87,,,,,,,,,,,,,,,,
DISFIBABRA,DISCO DE FIBRA ABRASIVO FIBRA VULCANIZAD,LIJAS,N,PZ,1,P2-ANA-03,15,0,0,E,1,,0,,0,0,0,0,0,P,PZ,1,0,N,N,0,0,1,,0,0,0,0,,,,,DISFIBABRA,N,A,N,1,0,C,4AE1EA56-C799-4E38-89BB-ABA61E2C437D,2020-06-19 13:19:02,2020-06-19 13:19:01,49161703,H87,,,,,,,,,,,,,,,,
DISCOSIERRC,DISCO SIERRA CIRCULAR 96 DIENTES,CONST,N,PZ,1,P2-ANA-01,15,0,0,E,1,,0,,0,0,0,0,0,P,PZ,1,0,N,N,0,0,1,,0,0,0,0,,,,,DISCOSIERRC,N,A,N,1,0,C,B38AC7F4-807B-4292-B3B2-BBAF682E1290,2020-06-19 13:18:49,2020-06-19 13:18:41,49161703,H87,,,,,,,,,,,,,,,,
EQPSOLDINVE,EQUIPO SOLDADURA 220V 150A/35%,SOLDA,N,PZ,1,P1-ANA-03,15,0,0,E,1,2020-05-25 00:00:00,5,2020-05-17 00:00:00,1,4,8545,8545,0,P,PZ,1,0,N,N,0,0,1,,-1,-683.9418599999999,5,42725,,,,,EQPSOLDINVE,N,A,N,1,0,C,B4771DA9-BA70-401B-882A-BC4FAF56883B,2020-06-24 20:02:46,2020-06-19 13:19:12,23271700,H87,,,,,,,,,,,,,,,,
EQSOLDINV,EQUIPO SOLDADURA 220V 150A/60%,SOLDA,N,PZ,1,P2-ANA-01,15,0,0,E,1,,0,,0,0,0,0,0,P,PZ,1,0,N,N,0,0,1,,0,0,0,0,,,,,EQSOLDINV,N,A,N,1,0,C,9D22500E-C001-41C0-9296-7DDD7531B917,2020-06-19 13:19:43,2020-06-19 13:19:41,23271700,H87,,,,,,,,,,,,,,,,
EQSOLMGAR,EQUIPO SOLDADURA MONOFASICO REG.MAG,SOLDA,N,PZ,1,P2-ANA-03,15,0,0,E,1,,0,,0,0,0,0,0,P,PZ,1,0,N,N,0,0,1,,0,0,0,0,,,,,EQSOLMGAR,N,A,N,1,0,C,4ED60993-2573-4149-8032-1A6EE55B6C10,2020-06-19 13:20:09,2020-06-19 13:20:07,23271700,H87,,,,,,,,,,,,,,,,
ESCEXTMEC,ESCALERA EXT. MECÁNICA ALT. MAX 7.08M,ESCAL,N,PZ,1,P2-ANA-01,15,0,0,E,1,,0,,0,0,0,0,0,P,PZ,1,0,N,N,0,0,1,,0,0,0,0,,,,,ESCEXTMEC,N,A,N,1,0,C,33A71F95-A32B-4C49-98B0-2C9C7603ABF9,2020-06-19 13:20:49,2020-06-19 13:20:48,30191501,H87,,,,,,,,,,,,,,,,
ESCEXT2T,ESCALERA EXTENSIBLE DE DOS TRAMOS 100CM,ESCAL,N,PZ,1,P1-ANA-03,15,0,0,E,1,,0,,0,0,0,0,0,P,PZ,1,0,N,N,0,0,1,,0,0,0,0,,,,,ESCEXT2T,N,A,N,1,0,C,DD147055-D9DB-4338-970B-811860706F5A,2020-06-19 13:20:30,2020-06-19 13:20:29,30191501,H87,,,,,,,,,,,,,,,,
ESCFIJA,ESCALERA FIJA  ALT. MAX. 2.78M,ESCAL,N,PZ,1,P2-ANA-03,15,0,0,E,1,,0,,0,0,0,0,0,P,PZ,1,0,N,N,0,0,1,,0,0,0,0,,,,,ESCFIJA,N,A,N,1,0,C,B5C74594-515C-4C22-9387-71B259F507A4,2020-06-19 13:21:03,2020-06-19 13:21:02,30191501,H87,,,,,,,,,,,,,,,,
ESCTRIPLE,ESCALERA TRIPLE ALT. MAX. 4.96M 5 POS.,ESCAL,N,PZ,1,P2-ANA-01,15,0,0,E,1,,0,,0,0,0,0,0,P,PZ,1,0,N,N,0,0,1,,0,0,0,0,,,,,ESCTRIPLE,N,A,N,1,0,C,320ADDFF-10FF-49B3-929C-5518FC914E13,2020-06-19 13:52:34,2020-06-19 13:52:32,30191501,H87,,,,,,,,,,,,,,,,
ESCOBAPCC,ESCOBA PLUMANDA CON CABO,LIMP,N,PZ,1,P1-ANA-03,15,0,0,E,1,,0,,0,0,0,0,0,P,PZ,1,0,N,N,0,0,1,,0,0,0,0,,,,,ESCOBAPCC,N,A,N,1,0,C,72A25D59-11C4-4E6C-800F-393F1BD0106C,2020-06-19 13:27:53,2020-06-19 13:27:52,47131604,H87,,,,,,,,,,,,,,,,
ABRAFLEXFIN,ESPONJA SOFTBACK FINO GRANO DE 320 A 400,ABRAS,S,PZ,1,P1-ANA-03,15,0,0,E,1,2020-04-10 00:00:00,0,,0,24,38.25,38.25,0,P,PZ,1,0,S,S,0,0,1,,0,0,24,919.9125,,,,,ABRAFLEXFIN,N,A,N,1,0,C,CAB028E4-C6D3-4182-B436-B43084A1888F,2020-06-21 22:10:11,2020-06-19 12:59:13,47121803,H87,,,,,,,,,,,,,,,,
ABRAFLEXMED,ESPONJA SOFTBACK MEDIO GRANO DE 100 A 18,ABRAS,S,PZ,1,P2-ANA-01,15,0,0,E,1,2020-04-15 00:00:00,0,2020-05-30 00:00:00,0,14,24.999999999999996,27.083333333333332,0,P,PZ,1,0,S,S,0,0,1,,0,0,0,0,,,,,ABRAFLEXMED,N,A,N,1,0,C,008BB3D5-D41E-4EA5-86C8-9189B4BAAFE9,2020-06-22 18:01:55,2020-06-19 12:59:22,47121803,H87,,,,,,,,,,,,,,,,
ESPATULAHAI,ESPÁTULA HOJA DE ACERO INOXIDABLE 8CM,CONST,N,PZ,1,P2-ANA-03,15,0,0,E,1,,0,,0,0,0,0,0,P,PZ,1,0,N,N,0,0,1,,0,0,0,0,,,,,ESPATULAHAI,N,A,N,1,0,C,9311AB8C-8436-4D62-AF9A-0DE2E652F1C6,2020-06-19 13:52:57,2020-06-19 13:52:56,60121231,H87,,,,,,,,,,,,,,,,
FRMIC-WOOD,FORMICA WOOD,MPRI,N,PZ,1,P1-ANA-03,15,0,0,E,1,,0,,0,0,0,0,0,P,PZ,1,0,N,N,0,0,1,,0,0,0,0,,,,,FRMIC-WOOD,N,A,N,1,0,C,B2592BC6-FA73-4927-8377-957B4B6D1021,2020-06-19 13:31:07,2020-06-19 13:31:06,60121231,H87,,,,,,,,,,,,,,,,
GA-70X50-2P2C,GABINETE 70X50 (2 CAJ/2 PTAS),PROD,N,PZ,1,P2-ANA-03,15,0,0,E,1,,0,,0,0,0,0,0,P,PZ,1,0,N,N,0,0,1,,0,0,0,0,,,,,GA-70X50-2P2C,N,A,N,1,0,C,F18F903C-0756-48DC-A0A5-303891EA8A43,2020-06-19 13:31:44,2020-06-19 13:31:41,56111906,H87,,,,,,,,,,,,,,,,
GA-70X50-2C,GABINETE 70X50 (2 CAJONES),PROD,N,PZ,1,P2-ANA-01,15,0,0,E,1,,0,,0,0,0,0,0,P,PZ,1,0,N,N,0,0,1,,0,0,0,0,,,,,GA-70X50-2C,N,A,N,1,0,C,B5FF4BDD-B61C-4697-AC7D-5E76A7EA8CD8,2020-06-19 13:31:25,2020-06-19 13:31:24,56111906,H87,,,,,,,,,,,,,,,,
GA-70X50-4C1P,GABINETE 70X50 (4 CAJONES/1PTA),PROD,N,PZ,1,P1-ANA-03,15,0,0,E,1,,0,,0,0,0,0,0,P,PZ,1,0,N,N,0,0,1,,0,0,0,0,,,,,GA-70X50-4C1P,N,A,N,1,0,C,2BF9F309-1041-4434-8FAE-54FE9591BCF5,2020-06-19 13:32:17,2020-06-19 13:32:15,56111906,H87,,,,,,,,,,,,,,,,
GUANTESLC,GUANTE DE LÁTEX USO DOMESTICO,LIMP,N,PZ,1,P2-ANA-03,15,0,0,E,1,,0,,0,0,0,0,0,P,PZ,1,0,N,N,0,0,1,,0,0,0,0,,,,,GUANTESLC,N,A,N,1,0,C,E0BAE665-F2AD-4A46-B129-BB88D0E7904B,2020-06-19 13:32:50,2020-06-19 13:32:49,53102504,H87,,,,,,,,,,,,,,,,
GUANTEPOL,GUANTE POLIAMIDA RECUBIERTO DE LÁTEX RUG,LIMIN,N,PZ,1,P2-ANA-01,15,0,0,E,1,,0,,0,0,0,0,0,P,PZ,1,0,N,N,0,0,1,,0,0,0,0,,,,,GUANTEPOL,N,A,N,1,0,C,A58307AF-A3E7-419C-B3E6-F51B2B59A6EB,2020-06-19 13:32:31,2020-06-19 13:32:30,53102504,H87,,,,,,,,,,,,,,,,
GUIACJONGM,GUÍA CAJÓN GRIS MET. 250X1mm-600*1mm,HERRA,N,PZ,1,P1-ANA-03,15,0,0,E,1,,0,,0,0,0,0,0,P,PZ,1,0,N,N,0,0,1,,0,0,0,0,,,,,GUIACJONGM,N,A,N,1,0,C,267785E1-0892-4242-BA4D-1614DB669B26,2020-06-19 13:33:05,2020-06-19 13:33:04,27112100,H87,,,,,,,,,,,,,,,,
GUISCJONG,GUÍA CAJÓN MOD. 25  153 x 17 MM,HERRA,N,PZ,1,P2-ANA-01,15,0,0,E,1,,0,,0,0,0,0,0,P,PZ,1,0,N,N,0,0,1,,0,0,0,0,,,,,GUISCJONG,N,A,N,1,0,C,44FCFA74-4040-410A-BE6E-A19575BEF454,2020-06-19 13:33:18,2020-06-19 13:33:18,27112100,H87,,,,,,,,,,,,,,,,
HOJA-AGLOMERADO,HOJA DE MADERA AGLOMERADA 1ra,MPRI,N,PZ,1,P2-ANA-03,15,0,0,E,1,,0,,0,0,0,0,0,P,PZ,1,0,N,N,0,0,1,,0,0,0,0,,,,,HOJA-AGLOMERADO,N,A,N,1,0,C,683B06C5-83AB-4EFD-8291-312D84F46D6C,2020-06-19 16:23:32,2020-06-19 16:23:31,30102000,H87,,,,,,,,,,,,,,,,
HOJASIERRB,HOJA DE SIERRA BI-METAL,SERYS,N,PZ,1,P1-ANA-03,15,0,0,E,1,,0,,0,0,0,0,0,P,PZ,1,0,N,N,0,0,1,,0,0,0,0,,,,,HOJASIERRB,N,A,N,1,0,C,2310ED3A-5FA9-447D-B9B2-73D651E9BE6F,2020-06-19 13:33:44,2020-06-19 13:33:43,27112802,H87,,,,,,,,,,,,,,,,
HOJASIERRR,HOJA DE SIERRA DE ACERO RÁPIDO,SERYS,N,PZ,1,P2-ANA-01,15,0,0,E,1,,0,,0,0,0,0,0,P,PZ,1,0,N,N,0,0,1,,0,0,0,0,,,,,HOJASIERRR,N,A,N,1,0,C,5FD14E6F-D200-47F1-8082-EE2C3AE6E16A,2020-06-19 13:33:59,2020-06-19 13:33:58,27112802,H87,,,,,,,,,,,,,,,,
HORMIGONE,HORMIGONERA MEZCLA EN BOMBO 150LT,CONST,N,PZ,1,P2-ANA-03,15,0,0,E,1,,0,,0,0,0,0,0,P,PZ,1,0,N,N,0,0,1,,0,0,0,0,,,,,HORMIGONE,N,A,N,1,0,C,5E11E0A0-0E23-46F8-A2BD-15D92A4056D1,2020-06-19 16:27:44,2020-06-19 16:27:43,27112200,H87,,,,,,,,,,,,,,,,
JGOLLAVNAV,"JGO.  LLAVES NAVAJA(2-2,5-3,4-5,6-8MM)",LLAVE,N,PZ,1,P1-ANA-03,15,0,0,E,1,,0,,0,0,0,0,0,P,PZ,1,0,N,N,0,0,1,,0,0,0,0,,,,,JGOLLAVNAV,N,A,N,1,0,C,EEAD2ECE-407C-40FB-A36D-9970BDDC4DC4,2020-06-19 13:37:13,2020-06-19 13:37:12,46171505,H87,,,,,,,,,,,,,,,,
JGOBROVM,"JGO. 19 BROCAS 1-10x0,50mm",SERYS,N,PZ,1,P2-ANA-01,15,0,0,E,1,,0,,0,0,0,0,0,P,PZ,1,0,N,N,0,0,1,,0,0,0,0,,,,,JGOBROVM,N,A,N,1,0,C,48621450-2713-4CE2-9BC9-AD765F0C0DF6,2020-06-19 13:35:15,2020-06-19 13:35:14,20111614,H87,,,,,,,,,,,,,,,,
JGOTENZAS,"JGO. 3 TENAZA LLAVE, 180,250,300MM",PINZA,N,PZ,1,P2-ANA-01,15,0,0,E,1,,0,,0,0,0,0,0,P,PZ,1,0,N,N,0,0,1,,0,0,0,0,,,,,JGOTENZAS,N,A,N,1,0,C,215A64D5-9CD0-414E-8207-2F4F8FF4A328,2020-06-19 13:37:24,2020-06-19 13:37:23,46171505,H87,,,,,,,,,,,,,,,,
LLAVEF2B,JGO. 6 LLAVES FIJAS DE DOS BOCAS,LLAVE,N,PZ,1,P2-ANA-03,15,0,0,E,1,,0,,0,0,0,0,0,P,PZ,1,0,N,N,0,0,1,,0,0,0,0,,,,,LLAVEF2B,N,A,N,1,0,C,ADA39F86-4349-4B6A-A673-A78882225F61,2020-06-19 13:39:50,2020-06-19 13:39:49,46171505,H87,,,,,,,,,,,,,,,,
LLAVECOM,JGO. 7  LLAVES COMBINADAS,LLAVE,N,PZ,1,P2-ANA-01,15,0,0,E,1,,0,,0,0,0,0,0,P,PZ,1,0,N,N,0,0,1,,0,0,0,0,,,,,LLAVECOM,N,A,N,1,0,C,B7E38817-7E78-44A8-A8E4-B4D80A461772,2020-06-19 13:39:35,2020-06-19 13:39:34,46171505,H87,,,,,,,,,,,,,,,,
JGOALICPI,JGO. ALICATES CURVO PARA ARANDELAS INT.,PINZA,N,PZ,1,P2-ANA-01,15,0,0,E,1,,0,,0,0,0,0,0,P,PZ,1,0,N,N,0,0,1,,0,0,0,0,,,,,JGOALICPI,N,A,N,1,0,C,53C83708-C7F6-412E-9EEE-F44B146F3410,2020-06-19 13:34:29,2020-06-19 13:34:28,27112137,H87,,,,,,,,,,,,,,,,
JGOALIRPI,JGO. ALICATES REC. PARA ARANDELAS INT.,PINZA,N,PZ,1,P2-ANA-03,15,0,0,E,1,,0,,0,0,0,0,0,P,PZ,1,0,N,N,0,0,1,,0,0,0,0,,,,,JGOALIRPI,N,A,N,1,0,C,3AFA43D4-1A79-42FC-AA6D-775D277CFC46,2020-06-19 13:34:45,2020-06-19 13:34:44,27112137,H87,,,,,,,,,,,,,,,,
BROHORVARM,JGO. BROCA PARA HORMIGÓN 100PZAS,HERRA,N,PZ,1,P2-ANA-01,15,0,0,E,1,,0,,0,0,0,0,0,P,PZ,1,0,N,N,0,0,1,,0,0,0,0,,,,,BROHORVARM,N,A,N,1,0,C,51C01884-7E20-4ADB-ACE5-CAACF91178BE,2020-06-19 13:30:08,2020-06-19 13:30:07,20111614,H87,,,,,,,,,,,,,,,,
JGOBROSDP,JGO. BROCAS DIAMETROS 4-5-6-8MM,HERRA,N,PZ,1,P1-ANA-03,15,0,0,E,1,,0,,0,0,0,0,0,P,PZ,1,0,N,N,0,0,1,,0,0,0,0,,,,,JGOBROSDP,N,A,N,1,0,C,D1ACC7F5-B020-4FA9-9757-3F6CC8FDEF14,2020-06-19 13:35:03,2020-06-19 13:35:01,20111614,H87,,,,,,,,,,,,,,,,
JGOLIJAGUA,JGO. DE LIJAS AL AGUA GRANO 80,LIJAS,N,PZ,1,P1-ANA-03,15,0,0,E,1,,0,,0,0,0,0,0,P,PZ,1,0,N,N,0,0,1,,0,0,0,0,,,,,JGOLIJAGUA,N,A,N,1,0,C,FAA0EEF3-F55E-4BA9-AFB0-51DB1DDB30CF,2020-06-19 13:35:47,2020-06-19 13:35:45,11101502,H87,,,,,,,,,,,,,,,,
JGOLLAVESTR,JGO.8 LLAVES ESTRELLA ACOD.(6x7-20x22mm),LLAVE,N,PZ,1,P1-ANA-03,15,0,0,E,1,,0,,0,0,0,0,0,P,PZ,1,0,N,N,0,0,1,,0,0,0,0,,,,,JGOLLAVESTR,N,A,N,1,0,C,29199C6E-258E-468B-8D7B-5D13067388C0,2020-06-19 13:36:34,2020-06-19 13:36:32,46171505,H87,,,,,,,,,,,,,,,,
JGOLLAVFIJP,JGO.8 LLAVES FIJAS PLANAS(6-7 A 20-22MM),LLAVE,N,PZ,1,P2-ANA-01,15,0,0,E,1,,0,,0,0,0,0,0,P,PZ,1,0,N,N,0,0,1,,0,0,0,0,,,,,JGOLLAVFIJP,N,A,N,1,0,C,B4A7547F-CBB3-4302-8436-8376DFF3222C,2020-06-19 13:36:50,2020-06-19 13:36:49,46171505,H87,,,,,,,,,,,,,,,,
JGO6DEST,JUEGO DE 6 DESTORNILLADORES,HERRA,N,PZ,1,P1-ANA-03,15,0,0,E,1,,0,,0,0,0,0,0,P,PZ,1,0,N,N,0,0,1,,0,0,0,0,,,,,JGO6DEST,N,A,N,1,0,C,8700D35C-D4F7-4418-B842-E86D84C252FF,2020-06-19 13:34:14,2020-06-19 13:34:12,27111701,H87,,,,,,,,,,,,,,,,
JGOLLAVA1-2,"JUEGO DE LLAVES DE VASO 1/2"" 22 PZAS",LLAVE,N,PZ,1,P2-ANA-03,15,0,0,E,1,,0,,0,0,0,0,0,P,PZ,1,0,N,N,0,0,1,,0,0,0,0,,,,,JGOLLAVA1-2,N,A,N,1,0,C,02FC4C4D-DF82-48A9-B9EC-4A0BD089F671,2020-06-19 13:36:21,2020-06-19 13:36:20,46171505,H87,,,,,,,,,,,,,,,,
JGOLAVMYC,"JUEGO DE LLAVES DE VASO DE 1/2"" Y 1/4""",LLAVE,N,PZ,1,P2-ANA-03,15,0,0,E,1,,0,,0,0,0,0,0,P,PZ,1,0,N,N,0,0,1,,0,0,0,0,,,,,JGOLAVMYC,N,A,N,1,0,C,33367FF1-13A5-4B65-AAE0-73A3A1258AE1,2020-06-19 13:35:33,2020-06-19 13:35:32,46171505,H87,,,,,,,,,,,,,,,,
JGOLLAV3-8,"JUEGO DE LLAVES DE VASO DE 3/8"" 61 PZAS",LLAVE,N,PZ,1,P2-ANA-01,15,0,0,E,1,,15,,0,0,0,0,0,P,PZ,1,0,N,N,0,0,1,,0,0,0,0,,,,,JGOLLAV3-8,N,A,N,1,0,C,4616384C-0D53-4462-9E1A-EDFFEA4AAFEA,2020-06-19 13:36:01,2020-06-19 13:36:00,46171505,H87,,,,,,,,,,,,,,,,
JGOLLAVHEX,JUEGO DE LLAVES HEXAGONALES PUNTA BOLA,LLAVE,N,PZ,1,P2-ANA-03,15,0,0,E,1,,0,,0,0,0,0,0,P,PZ,1,0,N,N,0,0,1,,0,0,0,0,,,,,JGOLLAVHEX,N,A,N,1,0,C,6CBB64B3-BCB2-4349-90CB-8618B50E53DD,2020-06-19 13:37:01,2020-06-19 13:37:00,46171505,H87,,,,,,,,,,,,,,,,
JGOVBIH,"JUEGO DE VASOS 1/4"" BIHEXAGONALES",LLAVE,N,PZ,1,P2-ANA-03,15,0,0,E,1,,0,,0,0,0,0,0,P,PZ,1,0,N,N,0,0,1,,0,0,0,0,,,,,JGOVBIH,N,A,N,1,0,C,746593AB-9C3F-426A-91BB-AAAB051CE903,2020-06-19 13:37:37,2020-06-19 13:37:36,46171505,H87,,,,,,,,,,,,,,,,
LIJBANASP31E,LIJADORA DE BANDA CON ASPIRADOR 1.200W,SERYS,N,PZ,1,P1-ANA-03,15,0,0,E,1,,0,,0,0,0,0,0,P,PZ,1,0,N,N,0,0,1,,0,0,0,0,,,,,LIJBANASP31E,N,A,N,1,0,C,81658466-A92C-4A93-9E19-F8CDD777AF7C,2020-06-19 13:37:50,2020-06-19 13:37:49,23101509,H87,,,,,,,,,,,,,,,,
LIJROT400W,LIJADORA ROTORBITAL 400W 150 mm,LIJAS,N,PZ,1,P2-ANA-01,15,0,0,E,1,,0,,0,0,0,0,0,P,PZ,1,0,N,N,0,0,1,,0,0,0,0,,,,,LIJROT400W,N,A,N,1,0,C,ED49895B-D37E-496C-B995-E6EF67930EE0,2020-06-19 13:38:05,2020-06-19 13:38:04,23101509,H87,,,,,,,,,,,,,,,,
LIMPIAVID,LIMPIA VIDRIOS,LIMP,N,PZ,1,P2-ANA-03,15,0,0,E,1,,0,,0,0,0,0,0,P,PZ,1,0,N,N,0,0,1,,0,0,0,0,,,,,LIMPIAVID,N,A,N,1,0,C,330890BB-DEA1-4D4B-B93B-9D947E370A10,2020-06-19 16:22:18,2020-06-19 16:22:16,47131824,H87,,,,,,,,,,,,,,,,
PALETALLANA,LLANA 300 MM x 150MM INOX,CONST,N,PZ,1,P2-ANA-03,15,0,0,E,1,,0,,0,0,0,0,0,P,PZ,1,0,N,N,0,0,1,,0,0,0,0,,,,,PALETALLANA,N,A,N,1,0,C,DF744EE7-2C3F-4090-A4DE-371E423374DA,2020-06-19 16:26:55,2020-06-19 16:26:53,27112202,H87,,,,,,,,,,,,,,,,
LLAVECARR26,"LLAVE DE CARRACA REVER. 1/2"" 26 mm.",LLAVE,N,PZ,1,P2-ANA-03,15,0,0,E,1,,0,,0,0,0,0,0,P,PZ,1,0,N,N,0,0,1,,0,0,0,0,,,,,LLAVECARR26,N,A,N,1,0,C,EEC2F62F-9440-419F-AF89-2478B1648C81,2020-06-19 13:39:06,2020-06-19 13:39:05,46171505,H87,,,,,,,,,,,,,,,,
LLAVECARR150,"LLAVE DE CARRACA REVER. 1/4"" 150 mm.",LLAVE,N,PZ,1,P1-ANA-03,15,0,0,E,1,,0,,0,0,0,0,0,P,PZ,1,0,N,N,0,0,1,,0,0,0,0,,,,,LLAVECARR150,N,A,N,1,0,C,BABE5FD7-5CAD-4827-8EA5-160CB2F449D6,2020-06-19 13:38:39,2020-06-19 13:38:37,46171505,H87,,,,,,,,,,,,,,,,
LLAVECARR205,"LLAVE DE CARRACA REVER. 3/8"" 205 mm.",LLAVE,N,PZ,1,P2-ANA-01,15,0,0,E,1,,0,,0,0,0,0,0,P,PZ,1,0,N,N,0,0,1,,0,0,0,0,,,,,LLAVECARR205,N,A,N,1,0,C,2D430DF5-A3DD-4B37-BF37-0C294A2E86E9,2020-06-19 13:38:53,2020-06-19 13:38:51,46171505,H87,,,,,,,,,,,,,,,,
LLAVECARRA,LLAVE DE CARRACA REVERSIBLE 72 DIENTES,LLAVE,N,PZ,1,P1-ANA-03,15,0,0,E,1,,0,,0,0,0,0,0,P,PZ,1,0,N,N,0,0,1,,0,0,0,0,,,,,LLAVECARRA,N,A,N,1,0,C,F4F6182C-685F-495D-A4CA-C532DE09E4F7,2020-06-19 13:39:21,2020-06-19 13:39:20,46171505,H87,,,,,,,,,,,,,,,,
LLAVESTIL250,LLAVE STILLSON 250 MM,LLAVE,N,PZ,1,P1-ANA-03,15,0,0,E,1,,0,,0,0,0,0,0,P,PZ,1,0,N,N,0,0,1,,0,0,0,0,,,,,LLAVESTIL250,N,A,N,1,0,C,BFFEB007-07C2-4789-850E-EC05F93E4031,2020-06-19 13:40:04,2020-06-19 13:40:03,46171505,H87,,,,,,,,,,,,,,,,
LLAVESTIL300,LLAVE STILLSON 300 MM,LLAVE,N,PZ,1,P2-ANA-01,15,0,0,E,1,,0,,0,0,0,0,0,P,PZ,1,0,N,N,0,0,1,,0,0,0,0,,,,,LLAVESTIL300,N,A,N,1,0,C,3DB37AC8-0727-4939-B98F-29996EA19D79,2020-06-19 13:40:18,2020-06-19 13:40:17,46171505,H87,,,,,,,,,,,,,,,,
LLAVESTIL350,LLAVE STILLSON 350 MM,LLAVE,N,PZ,1,P2-ANA-03,15,0,0,E,1,,0,,0,0,0,0,0,P,PZ,1,0,N,N,0,0,1,,0,0,0,0,,,,,LLAVESTIL350,N,A,N,1,0,C,4F78AFA6-3591-4CF9-974D-BA6091D41BA9,2020-06-19 13:40:31,2020-06-19 13:40:30,46171505,H87,,,,,,,,,,,,,,,,
LLAVESTIL450,LLAVE STILLSON 450 MM,LLAVE,N,PZ,1,P1-ANA-03,15,0,0,E,1,,0,,0,0,0,0,0,P,PZ,1,0,N,N,0,0,1,,0,0,0,0,,,,,LLAVESTIL450,N,A,N,1,0,C,4AD28332-B74D-4BB7-93F3-6570BA260D19,2020-06-19 13:41:07,2020-06-19 13:41:06,46171505,H87,,,,,,,,,,,,,,,,
MACETA,MACETA PESO 1000GR,CONST,N,PZ,1,P2-ANA-01,15,0,0,E,1,,0,,0,0,0,0,0,P,PZ,1,0,N,N,0,0,1,,0,0,0,0,,,,,,N,A,N,1,0,C,DE4BE434-EDCF-4C83-80BA-FD993F748A86,2020-06-19 12:40:39,,56101609,H87,,,,,,,,,,,,,,,,
POMO,MANIJA,MANIJ,N,PZ,1,P2-ANA-01,15,0,0,E,1,,0,,0,0,0,0,0,P,PZ,1,0,N,N,0,0,1,,0,0,0,0,,,,,POMO,N,A,N,1,0,C,4C6929DE-5ABD-438B-AB41-C9EA91DCA901,2020-06-19 13:44:32,2020-06-19 13:44:31,30171500,H87,,,,,,,,,,,,,,,,
MANILLAPCP,MANILLA CON PLACA SOLID MOD.PRAGA,CERYH,N,PZ,1,P2-ANA-01,15,0,0,E,1,,0,,0,0,0,0,0,P,PZ,1,0,N,N,0,0,1,,0,0,0,0,,,,,MANILLAPCP,N,A,N,1,0,C,C65884EC-4276-4F6D-B9ED-CDC3A0292CEE,2020-06-19 13:41:33,2020-06-19 13:41:31,30171500,H87,,,,,,,,,,,,,,,,
MANILLAINO,MANILLA INOXIDABLE,CERYH,N,PZ,1,P1-ANA-03,15,0,0,E,1,,0,,0,0,0,0,0,P,PZ,1,0,N,N,0,0,1,,0,0,0,0,,,,,MANILLAINO,N,A,N,1,0,C,AC7506D1-EC2B-439F-9BD3-876F68EED9F1,2020-06-19 13:41:20,2020-06-19 13:41:19,30171500,H87,,,,,,,,,,,,,,,,
MARTCARPI,MARTILLO CARPINTERO 670GR.,CONST,N,PZ,1,P1-ANA-03,15,0,0,E,1,,0,,0,0,0,0,0,P,PZ,1,0,N,N,0,0,1,,0,0,0,0,,,,,MARTCARPI,N,A,N,1,0,C,38D7C283-4B9B-45FD-B1D8-9D99659EF239,2020-06-19 13:41:57,2020-06-19 13:41:55,27111602,H87,,,,,,,,,,,,,,,,
MARTCOMB,MARTILLO COMBINADO 750W 3900IMPXMIN,MAREL,N,PZ,1,P2-ANA-01,15,0,0,E,1,,0,,0,0,0,0,0,P,PZ,1,0,N,N,0,0,1,,0,0,0,0,,,,,MARTCOMB,N,A,N,1,0,C,072A3701-079C-4ACE-ACFE-8DD619A32B24,2020-06-19 13:42:08,2020-06-19 13:42:07,27111602,H87,,,,,,,,,,,,,,,,
MARTLIG2P,MARTILLO LIGERO 2 POSICIONES 4500IMPXMIN,MAREL,N,PZ,1,P2-ANA-03,15,0,0,E,1,,0,,0,0,0,0,0,P,PZ,1,0,N,N,0,0,1,,0,0,0,0,,,,,MARTLIG2P,N,A,N,1,0,C,891832CE-F960-4C4C-A0AE-C5A8669AE76C,2020-06-19 13:42:20,2020-06-19 13:42:19,27111602,H87,,,,,,,,,,,,,,,,
MARMECBOL,MARTILLO MEC. DE BOLA 80x25MM Peso 240GR,CONST,N,PZ,1,P2-ANA-03,15,0,0,E,1,,0,,0,0,0,0,0,P,PZ,1,0,N,N,0,0,1,,0,0,0,0,,,,,MARMECBOL,N,A,N,1,0,C,CDEAC816-F14B-437C-BA69-C517AAFD4EF4,2020-06-19 13:41:44,2020-06-19 13:41:43,27111602,H87,,,,,,,,,,,,,,,,
MARTPERFGBH4,MARTILLO PERFORADOR  1.100W,MAREL,N,PZ,1,P1-ANA-03,15,0,0,E,1,,0,,0,0,0,0,0,P,PZ,1,0,N,N,0,0,1,,0,0,0,0,,,,,MARTPERFGBH4,N,A,N,1,0,C,9DDDA98E-C017-4F3C-95D9-D0CA90A54E96,2020-06-19 13:42:41,2020-06-19 13:42:40,27111602,H87,,,,,,,,,,,,,,,,
MARTPICGH5E,MARTILLO PICADOR 1.110W 3000IMPXMIN,ATOYT,N,PZ,1,P2-ANA-01,15,0,0,E,1,,0,,0,0,0,0,0,P,PZ,1,0,N,N,0,0,1,,0,0,0,0,,,,,MARTPICGH5E,N,A,N,1,0,C,799E4F4D-D817-478D-BFF6-247655E4F50C,2020-06-19 13:42:53,2020-06-19 13:42:52,27111602,H87,,,,,,,,,,,,,,,,
MAZAGOMA,MAZA DE GOMA 250GR. DIAM. 5.5,CONST,N,PZ,1,P2-ANA-03,15,0,0,E,1,,0,,0,0,0,0,0,P,PZ,1,0,N,N,0,0,1,,0,0,0,0,,,,,MAZAGOMA,N,A,S,1,1,C,FB1A3D0A-CBC5-46FC-950F-ABD1A7C5632C,2020-06-19 16:24:55,2020-06-19 16:24:53,31201603,H87,,,,,,,,,,,,,,,,
MESATRONZ,MESA TRONZADORA MOTOR DE 2.200W,CORTA,N,PZ,1,P1-ANA-03,15,0,0,E,1,,0,,0,0,0,0,0,P,PZ,1,0,N,N,0,0,1,,0,0,0,0,,,,,MESATRONZ,N,A,N,1,0,C,77ACD0E6-0CEC-4C20-BD79-E5D309EAC3FA,2020-06-19 14:16:03,2020-06-19 14:16:02,23152200,H87,,,,,,,,,,,,,,,,
MOSTRA2E,MOSTRADOR 2 ESTANTES CAP. 350KG,PROD,N,PZ,1,P2-ANA-01,15,0,0,E,1,,0,,0,0,0,0,0,P,PZ,1,0,N,N,0,0,1,,0,0,0,0,,,,,,N,A,N,1,0,C,535D21CD-ADC6-42F0-9C8F-AE39D7019987,2020-06-19 12:40:39,,56111906,H87,,,,,,,,,,,,,,,,
MOSTRA5A,MOSTRADOR 5 ESTANTES CAP. 500KG,PROD,N,PZ,1,P2-ANA-03,15,0,0,E,1,,0,,0,0,0,0,0,P,PZ,1,0,N,N,0,0,1,,0,0,0,0,,,,,,N,A,N,1,0,C,85FDA36F-3DA0-4250-9A6C-AC1B0B1DD23E,2020-06-19 12:40:39,,56111906,H87,,,,,,,,,,,,,,,,
PALACUADR,PALA CUADRADA MANGO MANILA,CONST,N,PZ,1,P2-ANA-01,15,0,0,E,1,,0,,0,0,0,0,0,P,PZ,1,0,N,N,0,0,1,,0,0,0,0,,,,,PALACUADR,N,A,N,1,0,C,3407DC17-513A-438E-A6B5-5F8D2C8EEE9A,2020-06-19 14:13:58,2020-06-19 14:13:57,25181709,H87,,,,,,,,,,,,,,,,
PALAPCMV,PALA DE PIE CON MANGO VERTICAL,LIMP,N,PZ,1,P2-ANA-03,15,0,0,E,1,,0,,0,0,0,0,0,P,PZ,1,0,N,N,0,0,1,,0,0,0,0,,,,,PALAPCMV,N,A,N,1,0,C,F258D991-9D5F-4B9A-9D94-C22889DA5A5B,2020-06-19 14:02:59,2020-06-19 14:02:58,25181709,H87,,,,,,,,,,,,,,,,
PALAPUNTA,PALA PUNTA MANGO MANILLA,CONST,N,PZ,1,P2-ANA-01,15,0,0,E,1,,0,,0,0,0,0,0,P,PZ,1,0,N,N,0,0,1,,0,0,0,0,,,,,PALAPUNTA,N,A,N,1,0,C,D75C5995-8113-4FA0-AFE1-050442C495AF,2020-06-19 14:06:42,2020-06-19 14:06:40,25181709,H87,,,,,,,,,,,,,,,,
PALETAMADA,"PALETA ""ALBAÑIL"" TAMAÑO A",CONST,N,PZ,1,P1-ANA-03,15,0,0,E,1,,0,,0,0,0,0,0,P,PZ,1,0,N,N,0,0,1,,0,0,0,0,,,,,PALETAMADA,N,A,N,1,0,C,0FB1E9C1-37E2-46D1-878D-96470E2E59BA,2020-06-19 16:16:12,2020-06-19 16:16:11,60121231,H87,,,,,,,,,,,,,,,,
PALETAMADF,"PALETA ""MADRID"" TAMAÑO F",CONST,N,PZ,1,P2-ANA-01,15,0,0,E,1,,0,,0,0,0,0,0,P,PZ,1,0,N,N,0,0,1,,0,0,0,0,,,,,PALETAMADF,N,A,N,1,0,C,926110E0-5817-4872-AEA5-BC9FE9300046,2020-06-19 16:19:24,2020-06-19 16:19:22,60121231,H87,,,,,,,,,,,,,,,,
PALETAMADPR,PALETÍN FORJADO PUNTA REDONDA 135x60MM,CONST,N,PZ,1,P2-ANA-03,15,0,0,E,1,,0,,0,0,0,0,0,P,PZ,1,0,N,N,0,0,1,,0,0,0,0,,,,,PALETAMADPR,N,A,N,1,0,C,4C6BBB29-1A43-4833-817F-7A7B7BE2B68A,2020-06-19 16:10:27,2020-06-19 16:10:20,60121231,H87,,,,,,,,,,,,,,,,
PAÑOMED,PAÑO PARA ACOND. SUPERDICIE MEDIANO,PAÑOS,N,PZ,1,P2-ANA-01,15,0,0,E,1,,0,,0,0,0,0,0,P,PZ,1,0,N,N,0,0,1,,0,0,0,0,,,,,PAÑOMED,N,A,N,1,0,C,4F09772D-79BD-4144-98EB-91B531F87F0A,2020-06-19 15:44:34,2020-06-19 15:44:33,31211901,H87,,,,,,,,,,,,,,,,
PAÑOUFIN,PAÑO ULTRAFINO PARA ACOND. SUPERFICIE,PAÑOS,N,PZ,1,P2-ANA-03,15,0,0,E,1,,0,,0,0,0,0,0,P,PZ,1,0,N,N,0,0,1,,0,0,0,0,,,,,PAÑOUFIN,N,A,N,1,0,C,AF23E25E-9CD1-4826-BC27-CD6D99B38C4B,2020-06-19 13:58:07,2020-06-19 13:58:06,31211901,H87,,,,,,,,,,,,,,,,
PALETAPEINE,PEINE MANGO DE MADERA6x6 de 28 CM,CONST,N,PZ,1,P1-ANA-03,15,0,0,E,1,,0,,0,0,0,0,0,P,PZ,1,0,N,N,0,0,1,,0,0,0,0,,,,,PALETAPEINE,N,A,N,1,0,C,8FDD5917-62CE-48F8-BB18-E8718DF29EB1,2020-06-19 16:14:07,2020-06-19 16:14:05,60121231,H87,,,,,,,,,,,,,,,,
PELACABLES,PELACABLES 160MM,PINZA,N,PZ,1,P1-ANA-03,15,0,0,E,1,,0,,0,0,0,0,0,P,PZ,1,0,N,N,0,0,1,,0,0,0,0,,,,,PELACABLES,N,A,N,1,0,C,AC1E281E-B525-4C19-BC0C-2DFC674F825F,2020-06-19 13:44:14,2020-06-19 13:44:13,27112151,H87,,,,,,,,,,,,,,,,
PTA52.5X25,PUERTA 52.5X25,PROD,N,PZ,1,P2-ANA-03,15,0,0,E,1,,0,,0,0,0,0,0,P,PZ,1,0,N,N,0,0,1,,0,0,0,0,,,,,,N,A,N,1,0,C,509A7D3A-67A5-4EFE-AB79-837C2C36713C,2020-06-19 12:40:39,,30171500,H87,,,,,,,,,,,,,,,,
PTA70X25,PUERTA 70X25,PROD,N,PZ,1,P1-ANA-03,15,0,0,E,1,,0,,0,0,0,0,0,P,PZ,1,0,N,N,0,0,1,,0,0,0,0,,,,,,N,A,N,1,0,C,6EED64DB-6187-4AD0-A245-70FF0F3AFFAF,2020-06-19 12:40:39,,30171500,H87,,,,,,,,,,,,,,,,
SERRUCHO,SERRUCHO CARPINTERO DIENTE TEMPLADO,SERYS,N,PZ,1,P2-ANA-03,15,0,0,E,1,,0,,0,0,0,0,0,P,PZ,1,0,N,N,0,0,1,,0,0,0,0,,,,,SERRUCHO,N,A,N,1,0,C,DDCE0986-AE2A-44F5-9BCB-3897CAD57F9B,2020-06-19 13:44:51,2020-06-19 13:44:50,23231400,H87,,,,,,,,,,,,,,,,
SIERCIRGSK,SIERRA CIRCULAR 14.4V. 65MM.,SERYS,N,PZ,1,P2-ANA-03,15,0,0,E,1,,0,,0,0,0,0,0,P,PZ,1,0,N,N,0,0,1,,0,0,0,0,,,,,SIERCIRGSK,N,A,N,1,0,C,59567FF3-C19C-4EA6-89AD-0298AB224AD2,2020-06-19 15:57:56,2020-06-19 15:57:54,27111508,H87,,,,,,,,,,,,,,,,
SIERCALGST75,SIERRA DE CALAR 650W. PENDULAR EN 4 POS.,SERYS,N,PZ,1,P2-ANA-01,15,0,0,E,1,,0,,0,0,0,0,0,P,PZ,1,0,N,N,0,0,1,,0,0,0,0,,,,,SIERCALGST75,N,A,N,1,0,C,BBAA31A0-A28F-444C-90BB-EF416EBE4A16,2020-06-19 13:45:02,2020-06-19 13:45:01,27111508,H87,,,,,,,,,,,,,,,,
SIERSCGST14,SIERRA DE CALAR SIN CABLE,SERYS,N,PZ,1,P1-ANA-03,15,0,0,E,1,,0,,0,0,0,0,0,P,PZ,1,0,N,N,0,0,1,,0,0,0,0,,,,,SIERSCGST14,N,A,N,1,0,C,B478DCD1-1486-471A-B483-B8433022F97C,2020-06-19 16:04:06,2020-06-19 16:04:01,27111508,H87,,,,,,,,,,,,,,,,
SOLATMG63,SOLDADOR ATMOSFÉRICO P/BOTELLA 500 B-17,SOLDA,N,PZ,1,P2-ANA-01,15,0,0,E,1,2020-05-25 00:00:00,0,2019-12-23 00:00:00,0,4,3082.75,3082.75,0,P,PZ,1,0,N,N,0,0,1,,0,0,0,0,,,,,SOLATMG63,N,A,N,1,0,C,2699E36A-D4E9-4C88-94FB-EAB9C5130F80,2020-06-22 10:25:59,2020-06-19 14:12:31,23271400,H87,,,,,,,,,,,,,,,,
SOPPIS500,SOPLETE PISTOLA P/BOMBONA DE 500MG,SOLDA,N,PZ,1,P2-ANA-03,15,0,0,E,1,,0,,0,0,0,0,0,P,PZ,1,0,N,N,0,0,1,,0,0,0,0,,,,,SOPPIS500,N,A,N,1,0,C,7A1A555A-E8DF-486E-9D4C-B5F14399E9DB,2020-06-19 14:04:58,2020-06-19 14:04:57,23271701,H87,,,,,,,,,,,,,,,,
T230RPM,"TALADRO 230W 4500RPM 3,5MM",ATOYT,N,PZ,1,P1-ANA-03,15,0,0,E,1,,0,,0,0,0,0,0,P,PZ,1,0,N,N,0,0,1,,0,0,0,0,,,,,T230RPM,N,A,N,1,0,C,3D328893-F3C0-46BF-B68A-0F7D75005235,2020-06-19 13:47:22,2020-06-19 13:47:21,23101502,H87,,,,,,,,,,,,,,,,
TALCOLU,TALADRO DE COLUMNA 800W  MAX.25MM,ATOYT,N,PZ,1,P2-ANA-01,15,0,0,E,1,,0,,0,0,0,0,0,P,PZ,1,0,N,N,0,0,1,,0,0,0,0,,,,,TALCOLU,N,A,N,1,0,C,D0A38BD5-DCA9-42CF-A1BD-A7128F5C2F14,2020-06-19 14:10:58,2020-06-19 14:10:57,23101502,H87,,,,,,,,,,,,,,,,
TSCATOR14V,TALADRO S/CABLE ATOR. 14V. 16 Posiciones,ATOYT,N,PZ,1,P2-ANA-01,15,0,0,E,1,2019-12-15 00:00:00,5,2019-12-30 00:00:00,0,55,409.84,235,0,P,PZ,1,0,N,N,0,0,1,,-1,-380.00000000000006,25,11035.6,,,,,TSCATOR14V,N,A,N,1,0,C,2B0E731E-5976-4967-A9E0-EF60D8D3CB99,2020-06-24 20:03:09,2020-06-19 13:47:32,23101502,H87,,,,,,,,,,,,,,,,
TSCCP18V,TALADRO SIN CABLE CON PERCUSIÓN 18V,ATOYT,N,PZ,1,P2-ANA-03,15,0,0,E,1,,0,,0,0,0,0,0,P,PZ,1,0,N,N,0,0,1,,0,0,0,0,,,,,TSCCP18V,N,A,N,1,0,C,25973500-D162-40C7-815D-815E834397E3,2020-06-19 14:09:39,2020-06-19 14:09:38,23101502,H87,,,,,,,,,,,,,,,,
TALOCHACBD,TALOCHA CON BASE ESPONJOSA DURA,CONST,N,PZ,1,P2-ANA-03,15,0,0,E,1,,0,,0,0,0,0,0,P,PZ,1,0,N,N,0,0,1,,0,0,0,0,,,,,TALOCHACBD,N,A,N,1,0,C,DBFA31FB-7858-4849-AAB2-5F8B78EAEC4F,2020-06-19 16:07:44,2020-06-19 16:07:42,27112202,H87,,,,,,,,,,,,,,,,
TUERCAHEXCL8,"TUERCA HEXAGONAL CL8 8PZ, 8,12,10,16",HERRA,N,PZ,1,P1-ANA-03,15,0,0,E,1,,0,,0,0,0,0,0,P,PZ,1,0,N,N,0,0,1,,0,0,0,0,,,,,TUERCAHEXCL8,N,A,N,1,0,C,BC706E66-E5AF-4512-9815-8B11FDC20ACF,2020-06-19 15:55:15,2020-06-19 15:55:13,31161700,H87,,,,,,,,,,,,,,,,
VENTANA1,VENTANA 110X80 ALUMINIO,PROD,N,PZ,1,P2-ANA-01,15,0,0,E,1,,0,,0,0,0,0,0,P,PZ,1,0,N,N,0,0,1,,0,0,0,0,,,,,,N,A,N,1,0,C,BA19F460-1D14-479C-8AEA-28E4B3050BEB,2020-06-19 12:40:39,,30171600,H87,,,,,,,,,,,,,,,,
VENTANA3,VENTANA 60X25 ALUMINIO,PROD,N,PZ,1,P1-ANA-03,15,0,0,E,1,,0,,0,0,0,0,0,P,PZ,1,0,N,N,0,0,1,,0,0,0,0,,,,,,N,A,N,1,0,C,047AED06-6434-4735-9AFE-45EADF41AFC9,2020-06-19 12:40:39,,30171600,H87,,,,,,,,,,,,,,,,
VENTANA2,VENTANA 85X50 ALUMINIO,PROD,N,PZ,1,P2-ANA-03,15,0,0,E,1,,0,,0,0,0,0,0,P,PZ,1,0,N,N,0,0,1,,0,0,0,0,,,,,,N,A,N,1,0,C,0FFDD9AA-E27E-4D3F-9DC9-29B04E767819,2020-06-19 12:40:39,,30171600,H87,,,,,,,,,,,,,,,,
SERV-012,FACTURACIÓN GLOBAL Y COMPROBANTES FISCAL,SERV,N,No aplica,0,"",0,0,0,P,1,,0,2020-06-30 00:00:00,0,0,0,0,0,S,No aplica,1,0,N,N,0,0,1,,6,0,0,0,,,,,,N,A,N,1,0,C,76A29B90-8971-4AC8-B6A3-565E1B98554F,2020-06-30 10:54:50,,1010101,H87,,,,,,,,,,,,,,,,
SERV-007,INSTALACION DE TALADRO DE COLUMNA,SERV,N,No aplica,0,"",0,0,0,P,1,,0,,0,0,0,0,0,S,No aplica,1,0,N,N,0,0,1,,0,0,0,0,,,,,,N,A,N,1,0,C,D2F161DE-D8E9-4E73-A59D-0EA0192B30BE,2020-06-19 17:04:07,,72121006,HUR,,,,,,,,,,,,,,,,
SERV-010,MANTENIMIENTO DE EQUIPO DE COMPUTO,SERV,N,No aplica,0,"",0,0,0,P,1,,0,,0,0,0,0,0,S,No aplica,1,0,N,N,0,0,1,,0,0,0,0,,,,,,N,A,N,1,0,C,24F8666C-10E8-4398-9D57-C435BF755E38,2020-06-19 17:04:07,,81112300,HUR,,,,,,,,,,,,,,,,
SERV-006,MANTENIMIENTO DE MAQUINARIA,SERV,N,No aplica,0,"",0,0,0,P,1,2020-04-10 00:00:00,0,,0,0,0,0,0,S,No aplica,1,0,N,N,0,0,1,,0,0,1,1425,,,,,,N,A,N,1,0,C,D6C09925-DFBC-455C-BEBA-39EA22267AE5,2020-06-19 17:04:07,,72141701,HUR,,,,,,,,,,,,,,,,
SERV-PAR,PARCIALIDADES SERVICIO,SERV,N,No aplica,0,"",0,0,0,P,1,,0,,0,0,0,0,0,S,No aplica,1,0,N,N,0,0,1,,0,0,0,0,,,,,,N,A,N,1,0,C,413986C3-A7C2-4AF9-AE65-72F49A7999F2,2020-06-19 17:04:07,,1010101,HUR,,,,,,,,,,,,,,,,
SERV-008,SERVICIO DE FLETE,SERV,N,No aplica,0,"",0,0,0,P,1,2019-12-15 00:00:00,0,,0,0,0,0,0,S,No aplica,1,0,N,N,0,0,1,,0,0,-1,0,,,,,,N,A,N,1,0,C,EACE6A28-4081-4B25-9035-C82AD1413344,2020-06-19 17:04:07,,78101800,H87,,,,,,,,,,,,,,,,
SERV-FLETE,SERVICIO PARA EL MANEJO DE FLETE,SERV,N,No aplica,0,"",0,0,0,P,1,2020-06-21 00:00:00,0,,0,0,0,0,0,S,No aplica,1,0,N,N,0,0,1,,0,0,1,5320.4,,,,,,N,A,N,1,0,C,1F0CFEED-5E0E-47E3-A53C-153C975A052F,2020-06-19 17:04:07,,78141501,HUR,,,,,,,,,,,,,,,,
SERV-005,SERVICIO POR REPARACION,SERV,N,No aplica,0,"",0,0,0,P,1,,0,,0,0,0,0,0,S,No aplica,1,0,N,N,0,0,1,,0,0,0,0,,,,,,N,A,N,1,0,C,1A0047CD-0F13-424D-A78C-FAA2C58249C1,2020-06-19 17:04:07,,72103301,HUR,,,,,,,,,,,,,,,,
SERV-ABIEN,ANTICIPO DEL BIEN O SERVICIO,SERV,N,No aplica,0,"",0,0,0,P,1,,0,2020-06-24 00:00:00,0,0,0,0,0,S,No aplica,1,0,N,N,0,0,1,,1,480.00000000000006,0,0,,,,,,N,A,N,1,0,C,73D3D684-CA49-48A9-BC87-C8C99A4D5980,2020-06-24 20:31:33,,84111506,ACT,,,,,,,,,,,,,,,,
SERV-ANT,APLICACIÓN DE ANTICIPO,SERV,N,No aplica,0,"",0,0,0,P,1,,0,,0,0,0,0,0,S,No aplica,1,0,N,N,0,0,1,,0,0,0,0,,,,,,N,A,N,1,0,C,62C79BEA-B507-40AB-8C48-8F94CE613CE8,2020-06-24 20:40:37,,84111506,ACT,,,,,,,,,,,,,,,,
SERV-DESC,DESCUENTOS,SERV,N,No aplica,0,"",0,0,0,P,1,,0,,0,0,0,0,0,S,No aplica,1,0,N,N,0,0,1,,0,0,0,0,,,,,,N,A,N,1,0,C,7F485F2D-7E5A-413A-BABE-DF7243D2912F,2020-06-24 18:39:37,,84111506,ACT,,,,,,,,,,,,,,,,
SERV-BON,BONIFICACIONES,SERV,N,No aplica,0,"",0,0,0,P,1,,0,,0,0,0,0,0,S,No aplica,1,0,N,N,0,0,1,,0,0,0,0,,,,,,N,A,N,1,0,C,2A895465-6E63-450A-9FC1-7D6A37F7CB76,2020-06-24 17:28:27,,80141629,ACT,,,,,,,,,,,,,,,,
SERV-001,INSTALACION DE ENERGIA ELECTRICA,SERV,N,No aplica,1,"",0,0,0,P,1,,0,,0,0,0,0,0,S,No aplica,1,0,N,N,0,0,1,,0,0,0,0,,,,,,N,A,N,1,0,C,7CF73C47-F22E-4ED9-9671-C0A382FED920,2020-06-19 17:04:07,,72103301,HUR,,,,,,,,,,,,,,,,
SERV-002,CORTE DE MADERA,SERV,N,No aplica,1,"",0,0,0,P,1,,0,,0,0,0,0,0,S,No aplica,1,0,N,N,0,0,1,,0,0,0,0,,,,,,N,A,N,1,0,C,E02C7D2C-09CE-4792-9FE1-DDE2A3652827,2020-06-19 17:04:07,,72103301,H87,,,,,,,,,,,,,,,,
SERV-003,CORTE DE CERAMICA,SERV,N,No aplica,1,"",0,0,0,P,1,,0,,0,0,0,0,0,S,No aplica,1,0,N,N,0,0,1,,0,0,0,0,,,,,,N,A,N,1,0,C,420A7939-0B78-418D-BCDE-396C09DBD334,2020-06-19 17:04:07,,72103301,H87,,,,,,,,,,,,,,,,
SERV-004,CORTE DE LAMINA,SERV,N,No aplica,1,"",0,0,0,P,1,,0,,0,0,0,0,0,S,No aplica,1,0,N,N,0,0,1,,0,0,0,0,,,,,,N,A,N,1,0,C,80785909-3BAF-4DC6-8613-0218B547E7D1,2020-06-19 17:04:07,,72103301,H87,,,,,,,,,,,,,,,,
SERV-009,DESCUENTO POR VOLUMEN DE COMPRA,SERV,N,No aplica,1,"",0,0,0,P,1,,0,,0,0,0,0,0,S,No aplica,1,0,N,N,0,0,1,,0,0,0,0,,,,,,N,A,N,1,0,C,10FA6564-07F1-4556-85B4-3BF2AFC1D0D2,2020-06-19 17:04:07,,1010101,H87,,,,,,,,,,,,,,,,
SERV-011,DESCUENTO POR POR PRONTO PAGO,SERV,N,No aplica,1,"",0,0,0,P,1,,0,,0,0,0,0,0,S,No aplica,1,0,N,N,0,0,1,,0,0,0,0,,,,,,N,A,N,1,0,C,311AF484-1AF4-4687-BDB0-D7521EB654AC,2020-06-19 17:04:07,,1010101,H87,,,,,,,,,,,,,,,,
BROC,BROCAS/TALADRO,BROCA,N,PZ,1,"",0,0,0,E,1,,0,,0,0,0,0,0,G,PZ,1,0,N,N,0,0,1,,0,0,100,182818,BROC,,,,BROC,N,A,N,1,0,C,D4169211-F748-4D51-B377-BF2F541D7D12,2020-06-19 18:07:53,2020-06-19 18:07:52,20111614,H87,,,,,,1,1,1,,"",,,,,,
BROC10x110mm,BROCAS/TALADRO 10x 110mm,BROCA,N,PZ,1,,0,0,0,E,1,2019-12-01 00:00:00,5,2019-12-23 00:00:00,0,15,1487.9533333333336,969,0,P,PZ,1,0,N,N,0,0,1,,0,0,10,18281.8,BROC,10x,110mm,,BROC10X110MM,N,A,N,1,0,C,991654CC-B919-499D-838B-765C4AC6C47B,2020-06-22 10:25:59,2020-06-19 18:08:17,,,,,,,,,,,,,,,,,,
BROC10x160mm,BROCAS/TALADRO 10x 160mm,BROCA,N,PZ,1,,0,0,0,E,1,2019-12-01 00:00:00,5,,0,15,1487.9533333333336,969,0,P,PZ,1,0,N,N,0,0,1,,0,0,10,18281.8,BROC,10x,160mm,,BROC10X160MM,N,A,N,1,0,C,3559C05E-9731-4126-8211-9748C7BDD6DE,2020-06-21 22:11:19,2020-06-19 18:08:34,,,,,,,,,,,,,,,,,,
BROC10x210mm,BROCAS/TALADRO 10x 210mm,BROCA,N,PZ,1,,0,0,0,E,1,2019-12-01 00:00:00,5,,0,15,1487.9533333333336,969,0,P,PZ,1,0,N,N,0,0,1,,0,0,10,18281.8,BROC,10x,210mm,,BROC10X210MM,N,A,N,1,0,C,8205DC22-F3CF-4224-A1AE-E66652B6B3D1,2020-06-21 22:11:19,2020-06-19 18:08:47,,,,,,,,,,,,,,,,,,
BROC10x260mm,BROCAS/TALADRO 10x 260mm,BROCA,N,PZ,1,,0,0,0,E,1,2019-12-01 00:00:00,5,,0,15,1487.9533333333336,969,0,P,PZ,1,0,N,N,0,0,1,,0,0,10,18281.8,BROC,10x,260mm,,BROC10X260MM,N,A,N,1,0,C,D9389EC2-C950-4B3B-9DF3-19FC08D41E5D,2020-06-21 22:11:19,2020-06-19 18:09:00,,,,,,,,,,,,,,,,,,
BROC5x110mm,BROCAS/TALADRO 5x 110mm,BROCA,N,PZ,1,,0,0,0,E,1,2019-12-01 00:00:00,5,,0,15,1487.9533333333336,969,0,P,PZ,1,0,N,N,0,0,1,,0,0,10,18281.8,BROC,5x,110mm,,BROC5X110MM,N,A,N,1,0,C,CF4494FC-408B-4965-8DF5-5F308D1E5A4A,2020-06-21 22:11:19,2020-06-19 18:09:16,,,,,,,,,,,,,,,,,,
BROC5x160mm,BROCAS/TALADRO 5x 160mm,BROCA,N,PZ,1,,0,0,0,E,1,2019-12-01 00:00:00,5,,0,15,1487.9533333333336,969,0,P,PZ,1,0,N,N,0,0,1,,0,0,10,18281.8,BROC,5x,160mm,,BROC5X160MM,N,A,N,1,0,C,9B031D41-497F-4FD0-986A-036F4CEA809B,2020-06-21 22:08:51,2020-06-19 18:09:49,,,,,,,,,,,,,,,,,,
BROC5x210mm,BROCAS/TALADRO 5x 210mm,BROCA,N,PZ,1,,0,0,0,E,1,2019-12-01 00:00:00,5,,0,15,1487.9533333333336,969,0,P,PZ,1,0,N,N,0,0,1,,0,0,10,18281.8,BROC,5x,210mm,,BROC5X210MM,N,A,N,1,0,C,6C220C10-E77F-461D-8CC5-278234366889,2020-06-21 22:08:51,2020-06-19 18:09:58,,,,,,,,,,,,,,,,,,
BROC5x260mm,BROCAS/TALADRO 5x 260mm,BROCA,N,PZ,1,,0,0,0,E,1,2019-12-01 00:00:00,5,,0,15,1487.9533333333336,969,0,P,PZ,1,0,N,N,0,0,1,,0,0,10,18281.8,BROC,5x,260mm,,BROC5X260MM,N,A,N,1,0,C,E493B7E2-A829-4B7A-92A0-24A43C1CB78A,2020-06-21 22:08:52,2020-06-19 18:10:26,,,,,,,,,,,,,,,,,,
BROC6x110mm,BROCAS/TALADRO 6x 110mm,BROCA,N,PZ,1,,0,0,0,E,1,2019-12-01 00:00:00,5,,0,15,1487.9533333333336,969,0,P,PZ,1,0,N,N,0,0,1,,0,0,10,18281.8,BROC,6x,110mm,,BROC6X110MM,N,A,N,1,0,C,9F5E28C7-2320-4721-B338-0AD42BDFD4A8,2020-06-21 22:08:52,2020-06-19 18:10:55,,,,,,,,,,,,,,,,,,
BROC6x160mm,BROCAS/TALADRO 6x 160mm,BROCA,N,PZ,1,,0,0,0,E,1,2019-12-01 00:00:00,5,,0,15,1487.9533333333336,969,0,P,PZ,1,0,N,N,0,0,1,,0,0,10,18281.8,BROC,6x,160mm,,BROC6X160MM,N,A,N,1,0,C,D6E4B342-EBD1-4DAB-A330-BA2DEB133789,2020-06-21 22:08:52,2020-06-19 18:11:59,,,,,,,,,,,,,,,,,,
BROC6x210mm,BROCAS/TALADRO 6x 210mm,BROCA,N,PZ,1,,0,0,0,E,1,1899-12-30 00:00:00,0,,0,0,0,0,0,P,PZ,1,0,N,N,0,0,1,,0,0,0,0,BROC,6x,210mm,,BROC6X210MM,N,A,N,1,0,C,341A6B03-5AF4-4E43-AAF7-FD459040FCE7,2020-06-19 18:11:32,2020-06-19 18:11:30,,,,,,,,,,,,,,,,,,
BROC6x260mm,BROCAS/TALADRO 6x 260mm,BROCA,N,PZ,1,,0,0,0,E,1,1899-12-30 00:00:00,0,,0,0,0,0,0,P,PZ,1,0,N,N,0,0,1,,0,0,0,0,BROC,6x,260mm,,BROC6X260MM,N,A,N,1,0,C,8981FF1E-C02F-4970-B4BA-32F73E35E85D,2020-06-19 18:12:24,2020-06-19 18:12:23,,,,,,,,,,,,,,,,,,
BROC8x110mm,BROCAS/TALADRO 8x 110mm,BROCA,N,PZ,1,,0,0,0,E,1,1899-12-30 00:00:00,0,,0,0,0,0,0,P,PZ,1,0,N,N,0,0,1,,0,0,0,0,BROC,8x,110mm,,BROC8X110MM,N,A,N,1,0,C,85D517BE-E340-4343-B649-3DD816702CF0,2020-06-19 18:11:14,2020-06-19 18:11:13,,,,,,,,,,,,,,,,,,
BROC8x160mm,BROCAS/TALADRO 8x 160mm,BROCA,N,PZ,1,,0,0,0,E,1,1899-12-30 00:00:00,0,,0,0,0,0,0,P,PZ,1,0,N,N,0,0,1,,0,0,0,0,BROC,8x,160mm,,BROC8X160MM,N,A,N,1,0,C,B8FD0DB8-388E-4D2E-AB97-20BA7928CC31,2020-06-19 18:12:10,2020-06-19 18:12:10,,,,,,,,,,,,,,,,,,
BROC8x210mm,BROCAS/TALADRO 8x 210mm,BROCA,N,PZ,1,,0,0,0,E,1,1899-12-30 00:00:00,0,,0,0,0,0,0,P,PZ,1,0,N,N,0,0,1,,0,0,0,0,BROC,8x,210mm,,BROC8X210MM,N,A,N,1,0,C,DDCDBD31-EA0D-43A7-8827-F0D7A1DDF0E6,2020-06-19 18:11:46,2020-06-19 18:11:45,,,,,,,,,,,,,,,,,,
BROC8x260mm,BROCAS/TALADRO 8x 260mm,BROCA,N,PZ,1,,0,0,0,E,1,1899-12-30 00:00:00,0,,0,0,0,0,0,P,PZ,1,0,N,N,0,0,1,,0,0,0,0,BROC,8x,260mm,,BROC8X260MM,N,A,N,1,0,C,483D3427-79D5-4D8B-A74F-56A0A54F5C03,2020-06-19 18:12:39,2020-06-19 18:12:37,,,,,,,,,,,,,,,,,,
TORNILLO,TORNILLOS,TORNI,N,PZ,1,"",0,0,0,E,1,,0,,0,0,0,0,0,G,PZ,1,0,N,N,0,0,1,,0,0,190,19357.200645240002,TORNILLO,,,,TORNILLO,N,A,N,1,0,C,D2E9BEF1-3C37-4F67-82A5-2368FA259A90,2020-06-19 18:16:21,2020-06-19 18:15:31,31161500,H87,,,,,,1,1,1,,"",,,,,,
TORNILLOMA4X20,TORNILLOS MADERA 4X20,TORNI,N,PZ,1,,0,0,0,E,1,2019-12-01 00:00:00,0,2020-06-24 00:00:00,10,35,55.306285714285714,61.2978,0,P,PZ,1,10,N,N,0,0,1,,10,27.155069370000003,30,1935.7200000000003,TORNILLO,MA,4X20,,TORNILLOMA4X20,N,A,N,1,0,C,98BFE9C4-8164-40C3-9FA8-FED7C30492EF,2020-06-24 14:17:55,2020-06-19 18:18:02,31161500,H87,,,,,,,,,,,,,,,,
TORNILLOMA4x30,TORNILLOS MADERA 4x30,TORNI,N,PZ,1,,0,0,0,E,1,2019-12-01 00:00:00,0,2020-06-24 00:00:00,10,35,55.306285714285714,61.2978,0,P,PZ,1,10,N,N,0,0,1,,10,45.25838064,30,1935.7200000000003,TORNILLO,MA,4x30,,TORNILLOMA4X30,N,A,N,1,0,C,BC50C96A-7EBE-4395-BF15-B953242B3EDC,2020-06-24 14:17:55,2020-06-19 18:17:53,31161500,H87,,,,,,,,,,,,,,,,
TORNILLOMA4x40,TORNILLOS MADERA 4x40,TORNI,N,PZ,1,,0,0,0,E,1,2019-12-01 00:00:00,0,2020-06-24 00:00:00,10,35,55.306285714285714,61.2978,0,P,PZ,1,10,N,N,0,0,1,,10,116.85000000000001,30,1935.7200000000003,TORNILLO,MA,4x40,,TORNILLOMA4X40,N,A,N,1,0,C,55D292B7-68A6-44D0-B7C8-FC6BD3A7663A,2020-06-24 18:27:10,2020-06-19 18:17:42,31161500,H87,,,,,,,,,,,,,,,,
TORNILLOME4X20,TORNILLOS METAL 4X20,TORNI,N,PZ,1,,0,0,0,E,1,2019-12-01 00:00:00,0,,0,45,43.016,61.2978,0,P,PZ,1,0,N,N,0,0,1,,0,0,30,1935.7200000000003,TORNILLO,ME,4X20,,TORNILLOME4X20,N,A,N,1,0,C,C08A2C9B-721A-4C3F-93FE-5EA0737B3873,2020-06-24 14:15:20,2020-06-19 18:17:12,31161500,H87,,,,,,,,,,,,,,,,
TORNILLOME4x30,TORNILLOS METAL 4x30,TORNI,N,PZ,1,,0,0,0,E,1,2019-12-01 00:00:00,0,,0,45,43.016,61.2978,0,P,PZ,1,0,N,N,0,0,1,,0,0,30,1935.7200000000003,TORNILLO,ME,4x30,,TORNILLOME4X30,N,A,N,1,0,C,F178A18E-2EE3-437C-80B7-3D8AE8440B47,2020-06-24 14:15:06,2020-06-19 18:17:02,31161500,H87,,,,,,,,,,,,,,,,
TORNILLOME4x40,TORNILLOS METAL 4x40,TORNI,N,PZ,1,,0,0,0,E,1,2019-12-01 00:00:00,0,2019-12-01 00:00:00,0,55,175.97454545454548,61.2978,0,P,PZ,1,0,N,N,0,0,1,,0,0,40,9678.6,TORNILLO,ME,4x40,,TORNILLOME4X40,N,A,N,1,0,C,442E740E-C66D-42E1-A2B8-13932789721F,2020-06-24 14:14:48,2020-06-19 18:16:49,31161500,H87,,,,,,,,,,,,,,,,
KIT0001,LIMPIEZA COMERCIAL,KITS,N,PZ,1,"",0,0,0,P,1,,0,,0,0,0,0,0,K,PZ,1,0,N,N,0,0,1,,0,0,0,0,,,,,"",N,A,N,1,0,C,8E853FE6-40B3-4328-96D7-1FB227555619,2020-06-19 18:21:34,2020-06-19 18:19:34,47132100,H87,,,,,,1,1,1,,"",,,,,,
KIT0002,LIMPIEZA INDUSTRIAL,KITS,N,PZ,1,"",0,0,0,P,1,,0,,0,0,0,0,0,K,PZ,1,0,N,N,0,0,1,,0,0,0,0,,,,,"",N,A,N,1,0,C,14B85995-06AE-4474-91F3-50CEFBDCF942,2020-06-19 18:22:40,2020-06-19 18:21:34,47132101,H87,,,,,,1,1,1,,"",,,,,,
KIT0003,HERRAMIENTAS PARA ALBAÑIL,KITS,N,PZ,1,"",0,0,0,P,1,,0,,0,0,0,0,0,K,PZ,1,0,N,N,0,0,1,,0,0,0,0,,,,,"",N,A,N,1,0,C,4B878B81-66D7-40DB-A60D-7D39E0E31B42,2020-06-19 18:23:53,2020-06-19 18:22:41,27112200,H87,,,,,,1,1,1,,"",,,,,,
